Epoch,Loss,WinRate
1,0.6229338259021671,0.6562195166010333
2,0.6195334856048484,0.6564711256083777
3,0.6190762540828483,0.6564788674239883
4,0.6185985992286542,0.6564995122656165
5,0.6183942613524902,0.6564853189369971
6,0.618224329093485,0.6564866092395989
